{"name": "Cyber-Tama", "hunger": 99.9735378742218, "happiness": 100, "last_tick": 1769582372.066272, "xp": 240, "leaderboard": {"Guest": 35, "DZ": 205}}